keyword,datacreated,dataid,dataauthor,combined_text,sentiment
stocks,1710599291,1bg7b6a,rajesh1808,stocks 1710599291 1bg7b6a rajesh1808,0.0
down,1710599291,1bg7b6a,rajesh1808,down 1710599291 1bg7b6a rajesh1808,-0.15555555555555559
holding,1710599291,1bg7b6a,rajesh1808,holding 1710599291 1bg7b6a rajesh1808,0.0
recover,1710599291,1bg7b6a,rajesh1808,recover 1710599291 1bg7b6a rajesh1808,0.0
nio,1710599291,1bg7b6a,rajesh1808,nio 1710599291 1bg7b6a rajesh1808,0.0
down,1714992044,1clfwlg,xannaeh,down 1714992044 1clfwlg xannaeh,-0.15555555555555559
holding,1714992044,1clfwlg,xannaeh,holding 1714992044 1clfwlg xannaeh,0.0
invested,1714992044,1clfwlg,xannaeh,invested 1714992044 1clfwlg xannaeh,0.0
earnings,1714992044,1clfwlg,xannaeh,earnings 1714992044 1clfwlg xannaeh,0.0
hold,1714992044,1clfwlg,xannaeh,hold 1714992044 1clfwlg xannaeh,0.0
sell,1714992044,1clfwlg,xannaeh,sell 1714992044 1clfwlg xannaeh,0.0
recommend,1714992044,1clfwlg,xannaeh,recommend 1714992044 1clfwlg xannaeh,0.0
selling,1714992044,1clfwlg,xannaeh,selling 1714992044 1clfwlg xannaeh,0.0
new,1714992044,1clfwlg,xannaeh,new 1714992044 1clfwlg xannaeh,0.13636363636363635
up,1714992044,1clfwlg,xannaeh,up 1714992044 1clfwlg xannaeh,0.0
low,1714992044,1clfwlg,xannaeh,low 1714992044 1clfwlg xannaeh,0.0
high,1714992044,1clfwlg,xannaeh,high 1714992044 1clfwlg xannaeh,0.16
bullish,1714992044,1clfwlg,xannaeh,bullish 1714992044 1clfwlg xannaeh,0.0
sold,1714992044,1clfwlg,xannaeh,sold 1714992044 1clfwlg xannaeh,0.0
share,1714992044,1clfwlg,xannaeh,share 1714992044 1clfwlg xannaeh,0.0
nio,1714992044,1clfwlg,xannaeh,nio 1714992044 1clfwlg xannaeh,0.0
down,1702024271,18difix,greatsquareofpegasus,down 1702024271 18difix greatsquareofpegasus,-0.15555555555555559
sell,1702024271,18difix,greatsquareofpegasus,sell 1702024271 18difix greatsquareofpegasus,0.0
new,1702024271,18difix,greatsquareofpegasus,new 1702024271 18difix greatsquareofpegasus,0.13636363636363635
bullish,1702024271,18difix,greatsquareofpegasus,bullish 1702024271 18difix greatsquareofpegasus,0.0
dropped,1702024271,18difix,greatsquareofpegasus,dropped 1702024271 18difix greatsquareofpegasus,0.0
undervalued,1702024271,18difix,greatsquareofpegasus,undervalued 1702024271 18difix greatsquareofpegasus,0.0
benefits,1702024271,18difix,greatsquareofpegasus,benefits 1702024271 18difix greatsquareofpegasus,0.0
stock,1702024271,18difix,greatsquareofpegasus,stock 1702024271 18difix greatsquareofpegasus,0.0
nio,1702024271,18difix,greatsquareofpegasus,nio 1702024271 18difix greatsquareofpegasus,0.0
long,1702024271,18difix,greatsquareofpegasus,long 1702024271 18difix greatsquareofpegasus,-0.05
down,1714577354,1chozjc,happy-conclusion7710,down 1714577354 1chozjc happy-conclusion7710,-0.15555555555555559
buy,1714577354,1chozjc,happy-conclusion7710,buy 1714577354 1chozjc happy-conclusion7710,0.0
up,1714577354,1chozjc,happy-conclusion7710,up 1714577354 1chozjc happy-conclusion7710,0.0
stock,1714577354,1chozjc,happy-conclusion7710,stock 1714577354 1chozjc happy-conclusion7710,0.0
nio,1714577354,1chozjc,happy-conclusion7710,nio 1714577354 1chozjc happy-conclusion7710,0.0
high,1720374553,1dxmcih,danerzone,high 1720374553 1dxmcih danerzone,0.16
share,1720374553,1dxmcih,danerzone,share 1720374553 1dxmcih danerzone,0.0
nio,1720374553,1dxmcih,danerzone,nio 1720374553 1dxmcih danerzone,0.0
stock,1719810011,1dskt6e,automoderator,stock 1719810011 1dskt6e automoderator,0.0
nio,1719810011,1dskt6e,automoderator,nio 1719810011 1dskt6e automoderator,0.0
new,1711832588,1brsa6j,jackjones5,new 1711832588 1brsa6j jackjones5,0.13636363636363635
share,1711832588,1brsa6j,jackjones5,share 1711832588 1brsa6j jackjones5,0.0
nio,1711832588,1brsa6j,jackjones5,nio 1711832588 1brsa6j jackjones5,0.0
sold,1710587866,1bg3sur,strictsomewhere148,sold 1710587866 1bg3sur strictsomewhere148,0.0
nio,1710587866,1bg3sur,strictsomewhere148,nio 1710587866 1bg3sur strictsomewhere148,0.0
down,1713258695,1c5blrd,exotic-type5382,down 1713258695 1c5blrd exotic-type5382,-0.15555555555555559
up,1713258695,1c5blrd,exotic-type5382,up 1713258695 1c5blrd exotic-type5382,0.0
stock,1713258695,1c5blrd,exotic-type5382,stock 1713258695 1c5blrd exotic-type5382,0.0
nio,1713258695,1c5blrd,exotic-type5382,nio 1713258695 1c5blrd exotic-type5382,0.0
finance,1713258695,1c5blrd,exotic-type5382,finance 1713258695 1c5blrd exotic-type5382,0.0
nio,1616962454,mf8x3e,formeryogurtcloset17,nio 1616962454 mf8x3e formeryogurtcloset17,0.0
new,1610194890,ktq03r,armani67,new 1610194890 ktq03r armani67,0.13636363636363635
nio,1610194890,ktq03r,armani67,nio 1610194890 ktq03r armani67,0.0
energy,1610194890,ktq03r,armani67,energy 1610194890 ktq03r armani67,0.0
new,1610194838,ktpzkt,armani67,new 1610194838 ktpzkt armani67,0.13636363636363635
nio,1610194838,ktpzkt,armani67,nio 1610194838 ktpzkt armani67,0.0
energy,1610194838,ktpzkt,armani67,energy 1610194838 ktpzkt armani67,0.0
new,1680696775,12cibpd,fztro,new 1680696775 12cibpd fztro,0.13636363636363635
up,1680696775,12cibpd,fztro,up 1680696775 12cibpd fztro,0.0
nio,1680696775,12cibpd,fztro,nio 1680696775 12cibpd fztro,0.0
long,1680696775,12cibpd,fztro,long 1680696775 12cibpd fztro,-0.05
down,1604867792,jqj1b0,archaedin,down 1604867792 jqj1b0 archaedin,-0.15555555555555559
invested,1604867792,jqj1b0,archaedin,invested 1604867792 jqj1b0 archaedin,0.0
sell,1604867792,jqj1b0,archaedin,sell 1604867792 jqj1b0 archaedin,0.0
new,1604867792,jqj1b0,archaedin,new 1604867792 jqj1b0 archaedin,0.13636363636363635
share,1604867792,jqj1b0,archaedin,share 1604867792 jqj1b0 archaedin,0.0
stock,1604867792,jqj1b0,archaedin,stock 1604867792 jqj1b0 archaedin,0.0
nio,1604867792,jqj1b0,archaedin,nio 1604867792 jqj1b0 archaedin,0.0
gains,1604867792,jqj1b0,archaedin,gains 1604867792 jqj1b0 archaedin,0.0
stock,1715749210,1cscvx6,automoderator,stock 1715749210 1cscvx6 automoderator,0.0
nio,1715749210,1cscvx6,automoderator,nio 1715749210 1cscvx6 automoderator,0.0
buy,1610279416,kud5o1,rememberrossetti,buy 1610279416 kud5o1 rememberrossetti,0.0
stock,1610279416,kud5o1,rememberrossetti,stock 1610279416 kud5o1 rememberrossetti,0.0
nio,1610279416,kud5o1,rememberrossetti,nio 1610279416 kud5o1 rememberrossetti,0.0
stock,1713157211,1c4dy0c,automoderator,stock 1713157211 1c4dy0c automoderator,0.0
nio,1713157211,1c4dy0c,automoderator,nio 1713157211 1c4dy0c automoderator,0.0
nio,1692889235,1604cde,spiritualargument57,nio 1692889235 1604cde spiritualargument57,0.0
stock,1705644010,19ac5to,automoderator,stock 1705644010 19ac5to automoderator,0.0
nio,1705644010,19ac5to,automoderator,nio 1705644010 19ac5to automoderator,0.0
buy,1602511675,j9rip0,papamzor,buy 1602511675 j9rip0 papamzor,0.0
new,1602511675,j9rip0,papamzor,new 1602511675 j9rip0 papamzor,0.13636363636363635
share,1602511675,j9rip0,papamzor,share 1602511675 j9rip0 papamzor,0.0
stock,1602511675,j9rip0,papamzor,stock 1602511675 j9rip0 papamzor,0.0
nio,1602511675,j9rip0,papamzor,nio 1602511675 j9rip0 papamzor,0.0
strong,1602511675,j9rip0,papamzor,strong 1602511675 j9rip0 papamzor,0.4333333333333333
stock,1712898011,1c20q2p,automoderator,stock 1712898011 1c20q2p automoderator,0.0
nio,1712898011,1c20q2p,automoderator,nio 1712898011 1c20q2p automoderator,0.0
buying,1605286555,jtjdis,sweetgummies,buying 1605286555 jtjdis sweetgummies,0.0
new,1605286555,jtjdis,sweetgummies,new 1605286555 jtjdis sweetgummies,0.13636363636363635
bullish,1605286555,jtjdis,sweetgummies,bullish 1605286555 jtjdis sweetgummies,0.0
sold,1605286555,jtjdis,sweetgummies,sold 1605286555 jtjdis sweetgummies,0.0
share,1605286555,jtjdis,sweetgummies,share 1605286555 jtjdis sweetgummies,0.0
stock,1605286555,jtjdis,sweetgummies,stock 1605286555 jtjdis sweetgummies,0.0
nio,1605286555,jtjdis,sweetgummies,nio 1605286555 jtjdis sweetgummies,0.0
short,1605286555,jtjdis,sweetgummies,short 1605286555 jtjdis sweetgummies,0.0
report,1605286555,jtjdis,sweetgummies,report 1605286555 jtjdis sweetgummies,0.0
CEO,1605286555,jtjdis,sweetgummies,CEO 1605286555 jtjdis sweetgummies,0.0
tech,1605286555,jtjdis,sweetgummies,tech 1605286555 jtjdis sweetgummies,0.0
share,1716801046,1d1nemt,modulus3360,share 1716801046 1d1nemt modulus3360,0.0
stock,1716801046,1d1nemt,modulus3360,stock 1716801046 1d1nemt modulus3360,0.0
nio,1716801046,1d1nemt,modulus3360,nio 1716801046 1d1nemt modulus3360,0.0
nio,1700255835,17xpbug,realgabrielmartin,nio 1700255835 17xpbug realgabrielmartin,0.0
stock,1705384809,197vo7z,automoderator,stock 1705384809 197vo7z automoderator,0.0
nio,1705384809,197vo7z,automoderator,nio 1705384809 197vo7z automoderator,0.0
stock,1666587610,yc2kmz,automoderator,stock 1666587610 yc2kmz automoderator,0.0
nio,1666587610,yc2kmz,automoderator,nio 1666587610 yc2kmz automoderator,0.0
stock,1715835609,1ct57g4,automoderator,stock 1715835609 1ct57g4 automoderator,0.0
nio,1715835609,1ct57g4,automoderator,nio 1715835609 1ct57g4 automoderator,0.0
stock,1647234011,tdplol,danhassler0,stock 1647234011 tdplol danhassler0,0.0
nio,1647234011,tdplol,danhassler0,nio 1647234011 tdplol danhassler0,0.0
stock,1711083609,1bkresl,automoderator,stock 1711083609 1bkresl automoderator,0.0
nio,1711083609,1bkresl,automoderator,nio 1711083609 1bkresl automoderator,0.0
stock,1686286810,144vrxs,automoderator,stock 1686286810 144vrxs automoderator,0.0
nio,1686286810,144vrxs,automoderator,nio 1686286810 144vrxs automoderator,0.0
stock,1717650010,1d9ab2h,automoderator,stock 1717650010 1d9ab2h automoderator,0.0
nio,1717650010,1d9ab2h,automoderator,nio 1717650010 1d9ab2h automoderator,0.0
stock,1708668010,1axt9c0,automoderator,stock 1708668010 1axt9c0 automoderator,0.0
nio,1708668010,1axt9c0,automoderator,nio 1708668010 1axt9c0 automoderator,0.0
stock,1694789193,16jfddp,yonas852,stock 1694789193 16jfddp yonas852,0.0
short,1694789193,16jfddp,yonas852,short 1694789193 16jfddp yonas852,0.0
stock,1639548014,rgs3wl,danhassler0,stock 1639548014 rgs3wl danhassler0,0.0
nio,1639548014,rgs3wl,danhassler0,nio 1639548014 rgs3wl danhassler0,0.0
stock,1638511220,r7s2vf,danhassler0,stock 1638511220 r7s2vf danhassler0,0.0
nio,1638511220,r7s2vf,danhassler0,nio 1638511220 r7s2vf danhassler0,0.0
earnings,1705856005,19c7q1p,dramaticinvesting,earnings 1705856005 19c7q1p dramaticinvesting,0.0
buy,1705856005,19c7q1p,dramaticinvesting,buy 1705856005 19c7q1p dramaticinvesting,0.0
up,1705856005,19c7q1p,dramaticinvesting,up 1705856005 19c7q1p dramaticinvesting,0.0
dropped,1705856005,19c7q1p,dramaticinvesting,dropped 1705856005 19c7q1p dramaticinvesting,0.0
stock,1705856005,19c7q1p,dramaticinvesting,stock 1705856005 19c7q1p dramaticinvesting,0.0
stock,1695099611,16mhwca,automoderator,stock 1695099611 16mhwca automoderator,0.0
nio,1695099611,16mhwca,automoderator,nio 1695099611 16mhwca automoderator,0.0
stock,1666155612,y7tdd0,automoderator,stock 1666155612 y7tdd0 automoderator,0.0
nio,1666155612,y7tdd0,automoderator,nio 1666155612 y7tdd0 automoderator,0.0
